Josh,Josh@123
Jos,Jo@12345
ksd,Kssss@123
HHD,jODG@1334
josh,Josheena@123
Joshe@1234
Jose,Jose@123
Josheena,Josh@123
Anisha,Anisha@123
Anu,Anush@123
Arun,Arun@123
Arun,Arun@123
Jos,Joshee@123
Jos,Joshee@1234
Anu,Anukumari@123
nirmala,Nirmala@123
Jovy,Jovy@2009
Gnanam,Gnanam@123
Arun,Arunk@322
Jivy,Jovy@2009
Jovy,Jovy@2009
Jovt,Jovy@2009
Jovy,Jovy@2009
rose,Rose@123
Rose,Rose@123
Sheri,Sher@123
Saran,Saran@13
nir,Nirmala@123
